sample,SNV,INDEL
TRCC3,0,0
TRCC4,0,0
TRCC5,0.432932415,0.532031395
TRCC6,0.18551863,0.207373793
TRCC7,0,0
TRCC8,0.206706459,0.40590542
TRCC9,0,0
TRCC10,0.265431781,0.220720457
TRCC11,0.276609612,0.057223822
TRCC12_pre,1.86,2.72
TRCC12_post,1.85,2.71
TRCC13,0.650983539,0.104437646
TRCC14,0.285952277,0.042375658
TRCC15,0,0
TRCC17,0.37303926,0.064063987
TRCC18_pri_tum,0.57574172,0.121454643